model,Brier_raw,ECE_raw,Brier_Platt,ECE_Platt,Brier_Isotonic,ECE_Isotonic,Brier_TempScaling,ECE_TempScaling
RF,0.059452512929642404,0.06667788720172271,0.057530932263357024,0.07665717025127783,0.06767783920043483,0.12249952626149253,,
XGB,0.10695058614767204,0.16425288753076034,0.057502784046476095,0.07672173867227894,0.06961243141147451,0.1190579923716458,,
CNN,0.09663102011361749,0.19339586658911273,,,,,0.08529771337977866,0.13224075639789756
