coverage,n_patients,n_neg,n_pos,AUC
0.509090909090909,28,1,27,0.1111111111111111
0.5454545454545454,30,2,28,0.4821428571428571
0.6,33,2,31,0.4838709677419355
0.6545454545454545,36,2,34,0.5
0.6909090909090909,38,2,36,0.48611111111111116
0.7454545454545455,41,2,39,0.47435897435897434
0.8,44,2,42,0.4642857142857143
0.8545454545454545,47,2,45,0.4666666666666667
0.9090909090909091,50,2,48,0.46875
0.9454545454545454,52,2,50,0.44999999999999996
1.0,55,3,52,0.6025641025641025
