model,n_patients,n_pos,n_neg,AUC,AUC_CI_lo,AUC_CI_hi,PR_AUC,PR_AUC_CI_lo,PR_AUC_CI_hi,Sensitivity,Sens_CI_lo,Sens_CI_hi,Specificity,Spec_CI_lo,Spec_CI_hi,PPV,NPV,Accuracy,F1,Brier_raw,Brier_cal,TP,TN,FP,FN
RF,55,52,3,0.5448717948717948,0.26282051282051283,0.8591346153846146,0.9629943207612157,0.9341952668092738,0.9916284450843275,0.4230769230769231,0.28727760575688366,0.567952795996458,1.0,0.2924017738212866,1.0,1.0,0.09090909090909091,0.45454545454545453,0.5945945945945946,0.059452512929642404,0.057530932263357024,22,3,0,30
XGB,55,52,3,0.657051282051282,0.3589743589743589,0.9424679487179478,0.9726286039382908,0.9454358895821453,0.9968543216665747,0.6923076923076923,0.5489760177833685,0.8128266308002206,1.0,0.2924017738212866,1.0,1.0,0.15789473684210525,0.7090909090909091,0.8181818181818182,0.10695058614767204,0.057502784046476095,36,3,0,16
CNN,55,52,3,0.6025641025641025,0.09615384615384616,0.9423076923076923,0.9510049350244114,0.8937232356851339,0.9968531468531469,0.7692307692307693,0.6315972283578668,0.8746838923847673,0.3333333333333333,0.008403758659612636,0.9057006759497539,0.9523809523809523,0.07692307692307693,0.7454545454545455,0.851063829787234,0.09663102011361749,0.08529771337977866,40,1,2,12
