{
  "expected_patients": 55,
  "expected_frames": 550,
  "expected_frames_per_patient": 10,
  "batch_size": 16,
  "cnn_epochs": 30,
  "cnn_lr": 0.0001,
  "cnn_patience": 7,
  "mc_dropout_samples": 30,
  "mc_dropout_rate": 0.3,
  "abstention_quantile": 0.8,
  "n_bootstrap": 2000,
  "calibration_bins": 10,
  "coverage_points": 11,
  "coverage_min": 0.5,
  "timestamp": "2026-01-12 19:44:09",
  "n_patients": 55,
  "n_masld": 52,
  "n_healthy": 3,
  "healthy_patient_ids": [
    2,
    3,
    4
  ],
  "patient_to_test_fold": {
    "4": 0,
    "5": 0,
    "6": 0,
    "8": 0,
    "9": 0,
    "15": 0,
    "24": 0,
    "27": 0,
    "30": 0,
    "31": 0,
    "34": 0,
    "36": 0,
    "39": 0,
    "43": 0,
    "44": 0,
    "47": 0,
    "48": 0,
    "51": 0,
    "54": 0,
    "1": 1,
    "3": 1,
    "10": 1,
    "11": 1,
    "12": 1,
    "14": 1,
    "18": 1,
    "19": 1,
    "20": 1,
    "22": 1,
    "25": 1,
    "26": 1,
    "29": 1,
    "40": 1,
    "45": 1,
    "52": 1,
    "53": 1,
    "55": 1,
    "2": 2,
    "7": 2,
    "13": 2,
    "16": 2,
    "17": 2,
    "21": 2,
    "23": 2,
    "28": 2,
    "32": 2,
    "33": 2,
    "35": 2,
    "37": 2,
    "38": 2,
    "41": 2,
    "42": 2,
    "46": 2,
    "49": 2,
    "50": 2
  },
  "rf_thresholds": {
    "0": 0.8571457245184254,
    "1": 0.8749566608838556,
    "2": 0.8746818008383755
  },
  "xgb_thresholds": {
    "0": 0.8571756765373876,
    "1": 0.8749881250870916,
    "2": 0.8734419285765561
  },
  "cnn_thresholds": {
    "0": 0.8216604590415955,
    "1": 0.37580734491348267,
    "2": 0.9174987077713013
  },
  "cnn_temperatures": {
    "0": 0.6551285568595507,
    "1": 1.3894954943731375,
    "2": 0.372759372031494
  }
}